model,config,batch_size,param_count,gpu_count,total_time_sec,avg_throughput,peak_vram_mb,avg_sm_util_pct,avg_mem_bw_pct
bert_pytorch,bert_16_40M,16,56037170,1,64.55,92.9,3689,10.8,6.5
bert_pytorch,bert_16_40M,16,56037170,2,38.01,157.9,3329,20.2,10.7
bert_pytorch,bert_16_40M,16,56037170,4,20.19,297.2,3565,32.5,16.3
bert_pytorch,bert_16_40M,16,56037170,8,11.25,533.2,3566,45.6,19.9
bert_pytorch,bert_16_5M,16,18583090,1,32.97,182.0,2279,9.5,4.6
bert_pytorch,bert_16_5M,16,18583090,2,19.34,310.3,1919,16.2,6.8
bert_pytorch,bert_16_5M,16,18583090,4,10.67,562.5,1919,25.5,10.0
bert_pytorch,bert_16_5M,16,18583090,8,6.09,984.9,1920,34.1,12.1
bert_pytorch,bert_64_40M,64,56037170,1,47.83,125.5,10353,10.7,7.7
bert_pytorch,bert_64_40M,64,56037170,2,25.25,237.7,9993,18.6,11.7
bert_pytorch,bert_64_40M,64,56037170,4,12.04,498.3,9993,27.3,17.4
bert_pytorch,bert_64_40M,64,56037170,8,5.41,1109.6,9994,32.0,18.7
bert_pytorch,bert_64_5M,64,18583090,1,19.05,315.0,6649,8.5,5.7
bert_pytorch,bert_64_5M,64,18583090,2,10.24,586.1,6289,13.2,8.5
bert_pytorch,bert_64_5M,64,18583090,4,5.08,1180.2,6289,17.7,10.8
bert_pytorch,bert_64_5M,64,18583090,8,2.5,2398.0,6290,13.0,8.3
fastNLP,fastnlp_32_40M,32,36103170,1,31.77,188.9,3603,9.6,7.2
fastNLP,fastnlp_32_40M,32,36103170,2,18.21,329.4,3331,16.5,10.8
fastNLP,fastnlp_32_40M,32,36103170,4,9.26,648.2,3363,23.3,15.1
fastNLP,fastnlp_32_40M,32,36103170,8,4.85,1236.1,3364,27.9,16.8
fastNLP,fastnlp_32_5M,32,8601090,1,8.84,678.9,1523,5.7,5.1
fastNLP,fastnlp_32_5M,32,8601090,2,5.41,1108.3,1131,7.9,5.7
fastNLP,fastnlp_32_5M,32,8601090,4,3.01,1994.3,1163,5.4,3.6
fastNLP,fastnlp_32_5M,32,8601090,8,1.93,3114.1,1164,5.4,2.3
fastNLP,fastnlp_8_40M,8,36103170,1,55.47,108.2,1901,7.9,6.1
fastNLP,fastnlp_8_40M,8,36103170,2,31.78,188.8,1599,18.0,9.8
fastNLP,fastnlp_8_40M,8,36103170,4,16.85,356.1,1599,30.7,15.5
fastNLP,fastnlp_8_40M,8,36103170,8,11.02,544.3,1600,42.9,16.6
fastNLP,fastnlp_8_5M,8,8601090,1,34.29,175.0,991,2.8,2.2
fastNLP,fastnlp_8_5M,8,8601090,2,18.32,327.6,663,7.2,3.4
fastNLP,fastnlp_8_5M,8,8601090,4,10.42,576.0,663,13.3,4.8
fastNLP,fastnlp_8_5M,8,8601090,8,5.69,1054.9,664,18.3,5.4
hf_albert,albert_32_40M,32,11013042,1,44.35,135.3,5335,10.3,6.9
hf_albert,albert_32_40M,32,11013042,2,23.64,253.9,4975,18.3,11.3
hf_albert,albert_32_40M,32,11013042,4,11.78,509.3,4975,26.2,16.3
hf_albert,albert_32_40M,32,11013042,8,5.81,1033.2,4976,32.5,19.3
hf_albert,albert_32_5M,32,8583602,1,21.4,280.3,3693,8.9,5.8
hf_albert,albert_32_5M,32,8583602,2,11.66,514.7,3333,13.5,8.3
hf_albert,albert_32_5M,32,8583602,4,5.96,1006.5,3333,18.3,11.2
hf_albert,albert_32_5M,32,8583602,8,3.22,1864.8,3334,21.9,12.2
hf_albert,albert_8_40M,8,11013042,1,72.84,82.4,1891,11.0,5.1
hf_albert,albert_8_40M,8,11013042,2,40.2,149.2,1531,19.7,8.4
hf_albert,albert_8_40M,8,11013042,4,20.9,287.1,1531,34.5,14.2
hf_albert,albert_8_40M,8,11013042,8,11.32,530.3,1532,47.1,18.1
hf_albert,albert_8_5M,8,8583602,1,49.33,121.6,1461,9.9,3.4
hf_albert,albert_8_5M,8,8583602,2,27.51,218.1,1101,17.9,5.2
hf_albert,albert_8_5M,8,8583602,4,14.51,413.4,1101,27.8,8.1
hf_albert,albert_8_5M,8,8583602,8,8.09,741.6,1102,33.5,9.2
hf_bart,bart_16_10M,16,30475568,1,31.07,193.1,3131,8.6,7.1
hf_bart,bart_16_10M,16,30475568,2,18.36,326.8,2771,16.4,10.8
hf_bart,bart_16_10M,16,30475568,4,10.12,592.8,2771,24.4,14.9
hf_bart,bart_16_10M,16,30475568,8,6.08,987.3,2772,29.6,15.9
hf_bart,bart_16_60M,16,105026864,1,95.15,63.1,6205,11.3,8.5
hf_bart,bart_16_60M,16,105026864,2,56.16,106.8,5845,21.1,13.7
hf_bart,bart_16_60M,16,105026864,4,29.43,203.8,5845,36.5,22.5
hf_bart,bart_16_60M,16,105026864,8,16.84,356.3,5846,58.1,32.1
hf_bart,bart_4_10M,4,30475568,1,116.31,51.6,1609,4.3,3.1
hf_bart,bart_4_10M,4,30475568,2,61.46,97.6,1369,14.9,5.9
hf_bart,bart_4_10M,4,30475568,4,31.45,190.8,1369,30.0,10.5
hf_bart,bart_4_10M,4,30475568,8,18.98,316.2,1370,54.0,14.2
hf_bart,bart_4_60M,4,105026864,1,199.71,30.0,3341,8.3,6.6
hf_bart,bart_4_60M,4,105026864,2,133.27,45.0,3179,21.2,9.9
hf_bart,bart_4_60M,4,105026864,4,81.0,74.1,2981,41.4,15.9
hf_bart,bart_4_60M,4,105026864,8,55.07,109.0,2982,77.7,21.7
hf_bert,hf_bert_16_40M,16,56036658,1,64.42,93.1,3689,10.9,6.6
hf_bert,hf_bert_16_40M,16,56036658,2,37.85,158.5,3565,20.0,10.6
hf_bert,hf_bert_16_40M,16,56036658,4,20.03,299.5,3329,32.8,15.5
hf_bert,hf_bert_16_40M,16,56036658,8,11.12,539.6,3566,46.9,20.9
hf_bert,hf_bert_16_5M,16,18582834,1,33.32,180.1,2319,9.6,4.8
hf_bert,hf_bert_16_5M,16,18582834,2,19.41,309.1,1959,17.0,7.2
hf_bert,hf_bert_16_5M,16,18582834,4,10.54,569.5,1959,23.4,9.3
hf_bert,hf_bert_16_5M,16,18582834,8,5.94,1009.6,1960,30.7,11.6
hf_bert,hf_bert_4_40M,4,56036658,1,139.75,42.9,2143,10.9,5.0
hf_bert,hf_bert_4_40M,4,56036658,2,99.94,60.0,1783,21.7,7.1
hf_bert,hf_bert_4_40M,4,56036658,4,57.64,104.1,1917,40.5,11.4
hf_bert,hf_bert_4_40M,4,56036658,8,36.47,164.5,1918,70.6,15.4
hf_bert,hf_bert_4_5M,4,18582834,1,93.65,64.1,1299,10.3,2.7
hf_bert,hf_bert_4_5M,4,18582834,2,58.03,103.4,999,19.9,4.3
hf_bert,hf_bert_4_5M,4,18582834,4,31.94,187.9,999,35.5,7.1
hf_bert,hf_bert_4_5M,4,18582834,8,18.41,326.0,1000,56.9,9.8
hf_bigbird,bigbird_2_40M,2,56231216,1,561.19,10.7,2969,6.0,4.4
hf_bigbird,bigbird_2_40M,2,56231216,2,364.41,16.5,2609,14.1,6.9
hf_bigbird,bigbird_2_40M,2,56231216,4,181.35,33.1,2609,32.1,13.9
hf_bigbird,bigbird_2_40M,2,56231216,8,95.27,63.0,2666,63.1,25.7
hf_bigbird,bigbird_2_5M,2,18680112,1,256.04,23.4,1783,4.8,3.6
hf_bigbird,bigbird_2_5M,2,18680112,2,152.15,39.4,1423,12.7,6.1
hf_bigbird,bigbird_2_5M,2,18680112,4,83.9,71.5,1423,26.0,10.6
hf_bigbird,bigbird_2_5M,2,18680112,8,43.27,138.7,1424,48.3,18.0
hf_bigbird,bigbird_8_40M,8,56231216,1,247.1,24.3,6687,10.5,7.7
hf_bigbird,bigbird_8_40M,8,56231216,2,131.29,45.7,6327,21.5,14.1
hf_bigbird,bigbird_8_40M,8,56231216,4,74.94,80.1,6327,38.9,22.8
hf_bigbird,bigbird_8_40M,8,56231216,8,36.14,166.0,6798,68.8,40.0
hf_bigbird,bigbird_8_5M,8,18680112,1,109.47,54.8,4231,8.2,6.6
hf_bigbird,bigbird_8_5M,8,18680112,2,60.45,99.3,3871,17.3,12.1
hf_bigbird,bigbird_8_5M,8,18680112,4,31.36,191.3,3871,29.4,18.5
hf_bigbird,bigbird_8_5M,8,18680112,8,17.35,345.8,3872,48.2,27.2
hf_distilbert,distilbert_32_40M,32,56035632,1,44.47,134.9,5781,10.3,7.3
hf_distilbert,distilbert_32_40M,32,56035632,2,25.53,235.1,5891,18.5,11.4
hf_distilbert,distilbert_32_40M,32,56035632,4,12.87,466.3,5891,28.1,16.5
hf_distilbert,distilbert_32_40M,32,56035632,8,6.59,910.2,5892,34.6,19.0
hf_distilbert,distilbert_32_5M,32,18582320,1,15.17,395.4,3793,7.0,5.6
hf_distilbert,distilbert_32_5M,32,18582320,2,9.22,651.0,3433,13.0,8.4
hf_distilbert,distilbert_32_5M,32,18582320,4,4.95,1212.7,3433,14.9,9.1
hf_distilbert,distilbert_32_5M,32,18582320,8,2.81,2134.9,3434,19.8,11.8
hf_distilbert,distilbert_8_40M,8,56035632,1,60.18,99.7,2689,10.0,7.6
hf_distilbert,distilbert_8_40M,8,56035632,2,41.53,144.5,2429,19.9,10.7
hf_distilbert,distilbert_8_40M,8,56035632,4,23.66,253.6,2429,34.5,16.6
hf_distilbert,distilbert_8_40M,8,56035632,8,15.79,380.0,2430,56.9,19.9
hf_distilbert,distilbert_8_5M,8,18582320,1,37.4,160.4,1669,5.0,4.0
hf_distilbert,distilbert_8_5M,8,18582320,2,20.47,293.1,1309,13.6,6.9
hf_distilbert,distilbert_8_5M,8,18582320,4,10.68,562.0,1309,21.5,9.4
hf_distilbert,distilbert_8_5M,8,18582320,8,6.68,897.9,1310,32.3,11.3
hf_gpt2,gpt2_16_40M,16,40645632,1,44.98,133.4,3439,10.5,7.5
hf_gpt2,gpt2_16_40M,16,40645632,2,27.34,219.5,3079,17.8,10.4
hf_gpt2,gpt2_16_40M,16,40645632,4,14.73,407.4,3079,28.6,16.0
hf_gpt2,gpt2_16_40M,16,40645632,8,8.27,725.7,3080,38.0,18.3
hf_gpt2,gpt2_16_5M,16,10872320,1,18.43,325.6,2239,6.8,5.1
hf_gpt2,gpt2_16_5M,16,10872320,2,10.24,586.0,1879,12.6,7.6
hf_gpt2,gpt2_16_5M,16,10872320,4,5.73,1048.0,1879,15.1,8.4
hf_gpt2,gpt2_16_5M,16,10872320,8,3.47,1728.1,1880,20.6,10.2
hf_gpt2,gpt2_4_40M,4,40645632,1,98.37,61.0,1841,7.1,5.7
hf_gpt2,gpt2_4_40M,4,40645632,2,58.82,102.0,1613,19.9,9.5
hf_gpt2,gpt2_4_40M,4,40645632,4,34.37,174.6,1613,36.4,14.4
hf_gpt2,gpt2_4_40M,4,40645632,8,22.5,266.7,1614,61.8,18.3
hf_gpt2,gpt2_4_5M,4,10872320,1,60.43,99.3,1183,3.7,2.8
hf_gpt2,gpt2_4_5M,4,10872320,2,33.45,179.4,881,11.9,4.7
hf_gpt2,gpt2_4_5M,4,10872320,4,17.76,337.8,881,20.7,6.8
hf_gpt2,gpt2_4_5M,4,10872320,8,10.38,577.8,882,34.8,9.4
hf_reformer,reformer_32_40M,32,53999920,1,87.03,68.9,10615,11.4,8.3
hf_reformer,reformer_32_40M,32,53999920,2,47.65,125.9,10255,20.7,14.2
hf_reformer,reformer_32_40M,32,53999920,4,23.71,253.0,10255,34.3,22.3
hf_reformer,reformer_32_40M,32,53999920,8,11.62,516.5,10256,49.7,31.3
hf_reformer,reformer_32_5M,32,18351920,1,31.29,191.8,7117,9.4,7.8
hf_reformer,reformer_32_5M,32,18351920,2,17.45,343.9,6757,16.3,11.3
hf_reformer,reformer_32_5M,32,18351920,4,8.84,678.7,6757,23.8,16.4
hf_reformer,reformer_32_5M,32,18351920,8,4.51,1329.2,6758,23.7,15.7
hf_reformer,reformer_8_40M,8,53999920,1,101.06,59.4,3717,11.4,8.7
hf_reformer,reformer_8_40M,8,53999920,2,62.98,95.3,3357,21.7,13.4
hf_reformer,reformer_8_40M,8,53999920,4,33.22,180.6,3357,37.5,22.1
hf_reformer,reformer_8_40M,8,53999920,8,19.25,311.6,3594,60.0,30.6
hf_roberta,roberta_16_40M,16,56300336,1,48.47,123.8,3717,10.5,7.8
hf_roberta,roberta_16_40M,16,56300336,2,29.93,200.5,3357,19.1,11.5
hf_roberta,roberta_16_40M,16,56300336,4,16.09,372.9,3357,29.1,16.5
hf_roberta,roberta_16_40M,16,56300336,8,9.27,647.0,3594,41.1,21.2
hf_roberta,roberta_16_5M,16,18649136,1,20.4,294.1,2319,7.2,5.8
hf_roberta,roberta_16_5M,16,18649136,2,11.92,503.6,1959,14.1,8.4
hf_roberta,roberta_16_5M,16,18649136,4,6.63,905.7,1959,15.8,8.7
hf_roberta,roberta_16_5M,16,18649136,8,4.12,1455.8,1960,22.6,10.0
hf_roberta,roberta_4_40M,4,56300336,1,109.42,54.8,2153,7.4,6.0
hf_roberta,roberta_4_40M,4,56300336,2,71.57,83.8,1929,20.4,9.1
hf_roberta,roberta_4_40M,4,56300336,4,43.58,137.7,1929,38.0,14.0
hf_roberta,roberta_4_40M,4,56300336,8,29.47,203.6,1930,67.7,18.2
hf_roberta,roberta_4_5M,4,18649136,1,71.77,83.6,1301,4.0,3.1
hf_roberta,roberta_4_5M,4,18649136,2,41.67,144.0,1001,12.7,4.9
hf_roberta,roberta_4_5M,4,18649136,4,21.5,279.1,1001,26.4,8.4
hf_roberta,roberta_4_5M,4,18649136,8,12.41,483.7,1002,44.2,11.3
alexnet,alexnet_128_large,128,61100840,1,7.05,851.6,2625,4.9,1.7
alexnet,alexnet_128_large,128,61100840,2,4.69,1278.6,2265,5.2,1.6
alexnet,alexnet_128_large,128,61100840,4,3.05,1967.2,2265,2.7,0.5
alexnet,alexnet_128_large,128,61100840,8,2.29,2615.5,2092,1.8,0.4
alexnet,alexnet_128_small,128,4593848,1,6.8,882.0,1045,0.9,0.3
alexnet,alexnet_128_small,128,4593848,2,4.0,1500.9,685,3.8,0.8
alexnet,alexnet_128_small,128,4593848,4,2.48,2420.4,685,1.9,0.3
alexnet,alexnet_128_small,128,4593848,8,2.0,3005.0,686,2.9,0.4
alexnet,alexnet_32_large,32,61100840,1,8.55,701.8,2089,5.2,2.7
alexnet,alexnet_32_large,32,61100840,2,9.12,657.6,1875,12.5,3.5
alexnet,alexnet_32_large,32,61100840,4,6.04,993.5,1875,14.9,3.2
alexnet,alexnet_32_large,32,61100840,8,4.58,1310.7,1876,21.7,3.0
alexnet,alexnet_32_small,32,4593848,1,6.28,954.7,811,1.3,0.5
alexnet,alexnet_32_small,32,4593848,2,3.81,1573.4,463,2.4,0.5
alexnet,alexnet_32_small,32,4593848,4,2.58,2327.0,463,5.7,0.5
alexnet,alexnet_32_small,32,4593848,8,2.03,2956.9,464,11.4,1.0
densenet121,densenet121_256_large,256,7978856,8,0.17,35904.6,304,0.8,0.0
densenet121,densenet121_256_small,256,2338816,8,0.17,35154.8,254,1.2,0.2
densenet121,densenet121_64_large,64,7978856,1,36.62,163.8,9631,9.4,8.5
densenet121,densenet121_64_large,64,7978856,2,18.75,320.1,9271,17.1,14.7
densenet121,densenet121_64_large,64,7978856,4,9.44,635.5,9271,22.5,18.8
densenet121,densenet121_64_large,64,7978856,8,4.86,1234.4,9272,25.0,20.5
densenet121,densenet121_64_small,64,2338816,1,20.53,292.3,6451,7.6,7.4
densenet121,densenet121_64_small,64,2338816,2,10.99,546.0,6091,12.5,11.0
densenet121,densenet121_64_small,64,2338816,4,6.04,993.2,6091,16.3,14.6
densenet121,densenet121_64_small,64,2338816,8,3.56,1685.6,6092,2.2,0.6
llama,llama_16_40M,16,42082816,1,43.41,138.2,3439,10.3,6.9
llama,llama_16_40M,16,42082816,2,27.33,219.5,3079,18.6,10.1
llama,llama_16_40M,16,42082816,4,14.67,409.1,3079,28.8,14.9
llama,llama_16_40M,16,42082816,8,8.29,723.6,3080,38.3,17.7
llama,llama_16_5M,16,11405568,1,20.0,300.0,2275,6.4,4.9
llama,llama_16_5M,16,11405568,2,11.43,524.8,1915,11.4,6.8
llama,llama_16_5M,16,11405568,4,6.2,967.7,1915,16.2,8.6
llama,llama_16_5M,16,11405568,8,3.65,1642.0,1916,18.0,8.8
llama,llama_4_40M,4,42082816,1,113.72,52.8,1847,6.1,4.6
llama,llama_4_40M,4,42082816,2,62.81,95.5,1629,19.4,8.4
llama,llama_4_40M,4,42082816,4,36.63,163.8,1629,35.2,12.8
llama,llama_4_40M,4,42082816,8,24.11,248.9,1630,61.4,17.0
llama,llama_4_5M,4,11405568,1,76.62,78.3,1257,3.1,2.1
llama,llama_4_5M,4,11405568,2,44.65,134.4,897,11.4,3.6
llama,llama_4_5M,4,11405568,4,22.89,262.1,833,21.8,5.6
llama,llama_4_5M,4,11405568,8,12.22,491.1,898,33.2,8.3
llama_tp,llama_tp_1_40M,1,60039680,1,433.01,13.9,2143,4.8,4.4
llama_tp,llama_tp_1_40M,1,60039680,2,280.77,21.4,1787,21.2,7.1
llama_tp,llama_tp_1_40M,1,60039680,4,171.06,35.1,1787,42.8,11.4
llama_tp,llama_tp_1_40M,1,60039680,8,118.86,50.5,1788,84.5,15.8
llama_tp,llama_tp_1_5M,1,19794176,1,283.59,21.2,1229,2.5,2.2
llama_tp,llama_tp_1_5M,1,19794176,2,160.77,37.3,869,13.6,4.1
llama_tp,llama_tp_1_5M,1,19794176,4,89.07,67.4,869,31.8,7.0
llama_tp,llama_tp_1_5M,1,19794176,8,48.12,124.7,838,64.5,11.5
llama_tp,llama_tp_4_40M,4,60039680,1,109.27,54.9,2209,7.2,5.7
llama_tp,llama_tp_4_40M,4,60039680,2,75.1,79.9,1981,20.5,8.5
llama_tp,llama_tp_4_40M,4,60039680,4,45.47,131.9,1849,38.0,12.4
llama_tp,llama_tp_4_40M,4,60039680,8,31.07,193.1,1982,68.3,16.2
llama_tp,llama_tp_4_5M,4,19794176,1,72.47,82.8,1319,3.8,2.9
llama_tp,llama_tp_4_5M,4,19794176,2,43.85,136.8,1025,14.4,4.7
llama_tp,llama_tp_4_5M,4,19794176,4,22.16,270.7,1025,28.6,7.8
llama_tp,llama_tp_4_5M,4,19794176,8,12.84,467.2,1026,45.1,9.9
llama_v2_7b_16h,llama2_1_40M,1,60039680,1,445.52,13.5,2235,6.1,5.2
llama_v2_7b_16h,llama2_1_40M,1,60039680,2,287.82,20.8,1875,21.9,8.6
llama_v2_7b_16h,llama2_1_40M,1,60039680,4,176.78,33.9,1875,43.8,13.7
llama_v2_7b_16h,llama2_1_40M,1,60039680,8,120.17,49.9,1912,86.0,19.4
llama_v2_7b_16h,llama2_1_5M,1,19794176,1,275.86,21.8,1169,3.5,2.9
llama_v2_7b_16h,llama2_1_5M,1,19794176,2,169.35,35.4,857,14.8,4.9
llama_v2_7b_16h,llama2_1_5M,1,19794176,4,87.89,68.3,889,33.2,9.1
llama_v2_7b_16h,llama2_1_5M,1,19794176,8,48.24,124.4,890,69.0,15.1
llama_v2_7b_16h,llama2_4_40M,4,60039680,1,123.98,48.4,2781,11.3,8.6
llama_v2_7b_16h,llama2_4_40M,4,60039680,2,89.15,67.3,2421,22.4,11.9
llama_v2_7b_16h,llama2_4_40M,4,60039680,4,49.92,120.2,2493,40.5,19.8
llama_v2_7b_16h,llama2_4_40M,4,60039680,8,33.1,181.2,2494,72.7,26.0
llama_v2_7b_16h,llama2_4_5M,4,19794176,1,76.6,78.3,1847,6.3,5.2
llama_v2_7b_16h,llama2_4_5M,4,19794176,2,44.47,134.9,1487,17.1,8.7
llama_v2_7b_16h,llama2_4_5M,4,19794176,4,22.94,261.5,1361,29.9,13.9
llama_v2_7b_16h,llama2_4_5M,4,19794176,8,12.92,464.3,1488,47.8,17.7
nanogpt,nanogpt_1_40M,1,51017216,1,355.06,16.9,2069,5.3,4.8
nanogpt,nanogpt_1_40M,1,51017216,2,257.68,23.3,1709,20.9,7.0
nanogpt,nanogpt_1_40M,1,51017216,4,151.71,39.5,1709,42.5,11.4
nanogpt,nanogpt_1_40M,1,51017216,8,102.31,58.6,1722,83.1,16.2
nanogpt,nanogpt_1_5M,1,16058112,1,211.94,28.3,1153,3.1,2.7
nanogpt,nanogpt_1_5M,1,16058112,2,126.69,47.4,855,14.5,4.8
nanogpt,nanogpt_1_5M,1,16058112,4,72.28,83.0,855,30.5,8.0
nanogpt,nanogpt_1_5M,1,16058112,8,43.79,137.0,856,59.5,11.9
nanogpt,nanogpt_4_40M,4,51017216,1,97.11,61.8,2207,7.6,5.8
nanogpt,nanogpt_4_40M,4,51017216,2,67.9,88.4,1735,20.5,8.3
nanogpt,nanogpt_4_40M,4,51017216,4,40.84,146.9,1847,37.4,12.5
nanogpt,nanogpt_4_40M,4,51017216,8,27.04,221.9,1848,65.2,15.1
nanogpt,nanogpt_4_5M,4,16058112,1,53.17,112.9,1519,5.0,3.9
nanogpt,nanogpt_4_5M,4,16058112,2,35.86,167.3,1159,15.5,5.8
nanogpt,nanogpt_4_5M,4,16058112,4,18.26,328.7,1159,26.1,8.9
nanogpt,nanogpt_4_5M,4,16058112,8,11.81,507.9,1160,40.1,10.1
shufflenet_v2,shufflenet_v2_128_large,128,2278604,1,7.89,760.2,3965,3.9,3.2
shufflenet_v2,shufflenet_v2_128_large,128,2278604,2,4.79,1253.1,3605,5.3,3.7
shufflenet_v2,shufflenet_v2_128_large,128,2278604,4,3.22,1862.5,3605,7.1,3.7
shufflenet_v2,shufflenet_v2_128_large,128,2278604,8,2.26,2649.6,3606,1.4,0.3
shufflenet_v2,shufflenet_v2_128_small,128,1366792,1,7.8,768.9,2541,2.4,1.9
shufflenet_v2,shufflenet_v2_128_small,128,1366792,2,4.53,1325.9,2181,2.1,1.4
shufflenet_v2,shufflenet_v2_128_small,128,1366792,4,2.97,2018.4,2181,6.6,3.7
shufflenet_v2,shufflenet_v2_128_small,128,1366792,8,2.18,2751.3,2182,1.2,0.4
shufflenet_v2,shufflenet_v2_64_large,64,2278604,1,9.48,632.8,2301,3.9,3.1
shufflenet_v2,shufflenet_v2_64_large,64,2278604,2,5.71,1051.4,1941,5.7,3.5
shufflenet_v2,shufflenet_v2_64_large,64,2278604,4,3.46,1733.1,1941,4.4,2.6
shufflenet_v2,shufflenet_v2_64_large,64,2278604,8,2.34,2558.8,1942,3.4,0.6
shufflenet_v2,shufflenet_v2_64_small,64,1366792,1,9.26,647.8,1541,1.6,1.1
shufflenet_v2,shufflenet_v2_64_small,64,1366792,2,5.31,1129.1,1181,3.0,1.4
shufflenet_v2,shufflenet_v2_64_small,64,1366792,4,3.24,1853.0,1181,6.8,3.0
shufflenet_v2,shufflenet_v2_64_small,64,1366792,8,2.31,2593.2,1182,6.1,2.4
speech_transformer,speech_transformer_32_5M,32,9565065,1,56.75,105.7,7261,10.9,10.0
speech_transformer,speech_transformer_32_5M,32,9565065,2,29.31,204.7,6833,18.6,16.7
speech_transformer,speech_transformer_32_5M,32,9565065,4,14.51,413.6,6901,28.8,25.2
speech_transformer,speech_transformer_32_5M,32,9565065,8,7.07,848.4,6902,38.3,33.4
speech_transformer,speech_transformer_8_40M,8,63231625,1,215.78,27.8,5663,11.9,8.6
speech_transformer,speech_transformer_8_40M,8,63231625,2,117.69,51.0,5399,22.8,15.4
speech_transformer,speech_transformer_8_40M,8,63231625,4,59.32,101.1,5547,42.7,28.2
speech_transformer,speech_transformer_8_40M,8,63231625,8,31.29,191.8,5304,70.5,45.8
speech_transformer,speech_transformer_8_5M,8,9565065,1,64.81,92.6,2429,10.6,9.2
speech_transformer,speech_transformer_8_5M,8,9565065,2,34.17,175.6,2031,19.3,16.1
speech_transformer,speech_transformer_8_5M,8,9565065,4,17.65,340.0,2069,29.7,23.9
speech_transformer,speech_transformer_8_5M,8,9565065,8,9.63,623.2,2070,42.9,33.3
squeezenet1_1,squeezenet_128_large,128,1235496,1,7.97,752.8,4511,3.9,2.8
squeezenet1_1,squeezenet_128_large,128,1235496,2,4.8,1250.9,4151,5.8,4.1
squeezenet1_1,squeezenet_128_large,128,1235496,4,2.99,2006.4,4151,4.8,3.1
squeezenet1_1,squeezenet_128_large,128,1235496,8,2.19,2745.8,4152,2.7,1.0
squeezenet1_1,squeezenet_128_small,128,438792,1,8.0,749.7,2693,2.2,1.6
squeezenet1_1,squeezenet_128_small,128,438792,2,4.43,1353.7,2333,2.1,1.3
squeezenet1_1,squeezenet_128_small,128,438792,4,2.8,2144.1,2333,2.1,1.2
squeezenet1_1,squeezenet_128_small,128,438792,8,2.15,2788.0,2334,7.8,3.6
squeezenet1_1,squeezenet_32_large,32,1235496,1,8.0,749.8,1629,4.7,3.2
squeezenet1_1,squeezenet_32_large,32,1235496,2,4.81,1246.7,1269,6.4,3.9
squeezenet1_1,squeezenet_32_large,32,1235496,4,3.08,1946.1,1269,7.2,3.8
squeezenet1_1,squeezenet_32_large,32,1235496,8,2.37,2526.5,1270,9.4,3.9
squeezenet1_1,squeezenet_32_small,32,438792,1,7.31,821.0,1149,2.9,1.9
squeezenet1_1,squeezenet_32_small,32,438792,2,4.51,1331.4,789,4.1,2.0
squeezenet1_1,squeezenet_32_small,32,438792,4,2.91,2061.0,789,5.6,2.4
squeezenet1_1,squeezenet_32_small,32,438792,8,2.17,2761.6,790,3.6,1.3
vgg16,vgg16_32_large,32,138357544,1,67.39,89.0,7661,10.9,6.1
vgg16,vgg16_32_large,32,138357544,2,36.55,164.2,7301,20.0,10.8
vgg16,vgg16_32_large,32,138357544,4,17.85,336.2,7301,29.9,16.2
vgg16,vgg16_32_large,32,138357544,8,10.2,588.1,7302,41.2,19.3
vgg16,vgg16_32_small,32,35617672,1,24.11,248.9,3095,9.0,6.2
vgg16,vgg16_32_small,32,35617672,2,13.68,438.7,2735,14.4,8.3
vgg16,vgg16_32_small,32,35617672,4,7.16,838.1,2735,19.6,11.2
vgg16,vgg16_32_small,32,35617672,8,4.27,1405.5,2736,20.0,8.7
vgg16,vgg16_64_large,64,138357544,1,64.02,93.7,11395,10.8,5.8
vgg16,vgg16_64_large,64,138357544,2,32.7,183.5,11035,18.8,9.7
vgg16,vgg16_64_large,64,138357544,4,15.49,387.4,11035,29.5,15.2
vgg16,vgg16_64_large,64,138357544,8,7.07,848.4,11036,32.9,13.6
vgg16,vgg16_64_small,64,35617672,1,23.4,256.4,4885,8.9,5.6
vgg16,vgg16_64_small,64,35617672,2,12.38,484.8,4525,13.6,7.7
vgg16,vgg16_64_small,64,35617672,4,6.3,952.9,4525,14.8,7.9
vgg16,vgg16_64_small,64,35617672,8,3.38,1772.9,4526,10.4,5.8
densenet,densenet_128_large,128,7176586,1,12.86,466.6,6917,7.2,6.6
densenet,densenet_128_large,128,7176586,2,6.48,926.1,6557,9.3,7.7
densenet,densenet_128_large,128,7176586,4,3.25,1848.0,6557,9.6,8.6
densenet,densenet_128_large,128,7176586,8,1.79,3345.9,6558,4.6,2.8
densenet,densenet_128_small,128,239114,1,3.68,1628.5,1945,2.4,2.2
densenet,densenet_128_small,128,239114,2,2.31,2600.0,1585,4.0,3.4
densenet,densenet_128_small,128,239114,4,1.47,4069.3,1585,1.2,1.0
densenet,densenet_128_small,128,239114,8,1.15,5212.5,1586,4.0,1.9
densenet,densenet_64_large,64,7176586,1,13.95,430.0,3865,7.1,6.0
densenet,densenet_64_large,64,7176586,2,7.38,813.5,3505,9.9,8.1
densenet,densenet_64_large,64,7176586,4,4.06,1478.5,3505,9.3,7.3
densenet,densenet_64_large,64,7176586,8,2.41,2490.3,3506,9.5,7.0
densenet,densenet_64_small,64,239114,1,7.0,856.8,1277,2.1,1.7
densenet,densenet_64_small,64,239114,2,3.79,1582.6,917,2.8,2.0
densenet,densenet_64_small,64,239114,4,2.08,2882.5,919,2.7,1.5
densenet,densenet_64_small,64,239114,8,1.42,4229.5,920,4.3,2.6
dm_nfnet_f0,nfnet_64_small,64,20256820,1,44.83,133.8,8135,10.1,8.9
dm_nfnet_f0,nfnet_64_small,64,20256820,2,23.31,257.4,7775,16.6,15.6
dm_nfnet_f0,nfnet_64_small,64,20256820,4,11.66,514.5,7775,24.6,21.1
dm_nfnet_f0,nfnet_64_small,64,20256820,8,5.86,1023.4,7776,34.6,28.6
efficientnet_b0,efficientnet_128_small,128,1712522,1,13.91,431.2,9557,7.1,6.2
efficientnet_b0,efficientnet_128_small,128,1712522,2,7.72,777.4,9197,9.7,7.7
efficientnet_b0,efficientnet_128_small,128,1712522,4,4.2,1427.7,9197,8.9,7.0
efficientnet_b0,efficientnet_128_small,128,1712522,8,2.59,2320.7,9198,7.7,5.8
efficientnet_b0,efficientnet_32_large,32,5288548,1,24.91,240.9,4871,8.9,7.9
efficientnet_b0,efficientnet_32_large,32,5288548,2,13.87,432.6,4511,14.2,11.6
efficientnet_b0,efficientnet_32_large,32,5288548,4,7.52,798.3,4511,19.2,14.8
efficientnet_b0,efficientnet_32_large,32,5288548,8,4.41,1362.1,4512,16.6,11.1
efficientnet_b0,efficientnet_32_small,32,1712522,1,19.95,300.7,2881,5.7,4.9
efficientnet_b0,efficientnet_32_small,32,1712522,2,10.99,545.8,2521,9.5,7.2
efficientnet_b0,efficientnet_32_small,32,1712522,4,6.03,994.7,2521,12.5,8.7
efficientnet_b0,efficientnet_32_small,32,1712522,8,3.67,1634.4,2522,15.5,6.8
mnasnet1_0,mnasnet_128_large,128,4383312,1,13.0,461.4,7391,6.7,5.3
mnasnet1_0,mnasnet_128_large,128,4383312,2,7.24,828.9,7031,9.1,6.8
mnasnet1_0,mnasnet_128_large,128,4383312,4,3.94,1524.5,7031,5.0,2.0
mnasnet1_0,mnasnet_128_large,128,4383312,8,2.37,2531.0,7032,10.4,6.0
mnasnet1_0,mnasnet_128_small,128,2219280,1,9.28,646.3,5251,5.7,4.5
mnasnet1_0,mnasnet_128_small,128,2219280,2,5.56,1078.2,4891,6.9,5.2
mnasnet1_0,mnasnet_128_small,128,2219280,4,3.48,1723.1,4891,2.5,2.1
mnasnet1_0,mnasnet_128_small,128,2219280,8,2.35,2557.3,4892,2.6,0.9
mnasnet1_0,mnasnet_32_large,32,4383312,1,14.86,403.7,2413,6.3,4.6
mnasnet1_0,mnasnet_32_large,32,4383312,2,8.79,682.8,2053,9.4,6.2
mnasnet1_0,mnasnet_32_large,32,4383312,4,4.94,1214.7,2053,15.3,9.2
mnasnet1_0,mnasnet_32_large,32,4383312,8,3.17,1893.8,2054,8.8,5.0
mnasnet1_0,mnasnet_32_small,32,2219280,1,13.73,436.9,1811,4.7,3.3
mnasnet1_0,mnasnet_32_small,32,2219280,2,8.02,748.4,1451,7.7,4.4
mnasnet1_0,mnasnet_32_small,32,2219280,4,4.62,1298.5,1451,7.9,4.0
mnasnet1_0,mnasnet_32_small,32,2219280,8,2.91,2060.9,1452,10.4,4.3
mobilenet_v2,mobilenetv2_128_large,128,3504872,1,14.66,409.2,11425,7.0,6.3
mobilenet_v2,mobilenetv2_128_large,128,3504872,2,7.8,769.5,11065,10.4,9.6
mobilenet_v2,mobilenetv2_128_large,128,3504872,4,4.2,1427.3,11065,13.8,10.0
mobilenet_v2,mobilenetv2_128_large,128,3504872,8,2.38,2516.7,11066,9.7,7.0
mobilenet_v2,mobilenetv2_128_small,128,1968680,1,9.41,637.4,6607,5.9,5.5
mobilenet_v2,mobilenetv2_128_small,128,1968680,2,5.62,1066.9,6247,5.8,4.2
mobilenet_v2,mobilenetv2_128_small,128,1968680,4,3.55,1689.8,6247,9.0,7.3
mobilenet_v2,mobilenetv2_128_small,128,1968680,8,2.28,2635.4,6248,2.2,0.2
mobilenet_v2,mobilenetv2_96_large,96,3504872,1,14.52,413.2,8749,6.9,6.3
mobilenet_v2,mobilenetv2_96_large,96,3504872,2,8.28,724.7,8389,12.0,9.8
mobilenet_v2,mobilenetv2_96_large,96,3504872,4,4.84,1238.8,8389,12.6,10.0
mobilenet_v2,mobilenetv2_96_large,96,3504872,8,2.76,2175.7,8390,9.4,7.2
mobilenet_v2,mobilenetv2_96_small,96,1968680,1,9.3,645.1,5135,5.9,5.1
mobilenet_v2,mobilenetv2_96_small,96,1968680,2,5.64,1062.9,4775,8.0,6.8
mobilenet_v2,mobilenetv2_96_small,96,1968680,4,3.83,1568.6,4775,4.7,3.5
mobilenet_v2,mobilenetv2_96_small,96,1968680,8,2.53,2376.0,4776,5.8,4.8
mobilenet_v3_large,mobilenetv3_128_large,128,5483032,1,13.45,446.1,8463,6.1,5.5
mobilenet_v3_large,mobilenetv3_128_large,128,5483032,2,7.5,800.5,8103,9.9,7.5
mobilenet_v3_large,mobilenetv3_128_large,128,5483032,4,4.04,1483.7,8103,11.1,9.5
mobilenet_v3_large,mobilenetv3_128_large,128,5483032,8,2.52,2380.9,8104,9.0,7.8
mobilenet_v3_large,mobilenetv3_128_small,128,1734576,1,8.73,687.3,4757,4.2,3.5
mobilenet_v3_large,mobilenetv3_128_small,128,1734576,2,5.44,1103.1,4397,7.9,6.2
mobilenet_v3_large,mobilenetv3_128_small,128,1734576,4,3.45,1741.1,4397,4.2,2.7
mobilenet_v3_large,mobilenetv3_128_small,128,1734576,8,2.42,2481.8,4398,7.3,5.8
mobilenet_v3_large,mobilenetv3_32_large,32,5483032,1,17.94,334.4,2727,5.9,4.9
mobilenet_v3_large,mobilenetv3_32_large,32,5483032,2,10.07,595.9,2367,9.4,6.8
mobilenet_v3_large,mobilenetv3_32_large,32,5483032,4,5.63,1066.1,2465,13.5,9.0
mobilenet_v3_large,mobilenetv3_32_large,32,5483032,8,3.59,1670.0,2466,3.9,0.9
mobilenet_v3_large,mobilenetv3_32_small,32,1734576,1,17.65,339.9,1681,3.8,2.9
mobilenet_v3_large,mobilenetv3_32_small,32,1734576,2,9.52,630.0,1321,6.8,4.1
mobilenet_v3_large,mobilenetv3_32_small,32,1734576,4,5.23,1147.8,1321,10.9,5.1
mobilenet_v3_large,mobilenetv3_32_small,32,1734576,8,3.13,1918.1,1322,12.1,5.5
regnety_120,regnety_32_large,32,78933712,1,132.43,45.3,11391,11.4,8.9
regnety_120,regnety_32_large,32,78933712,2,70.59,85.0,11875,21.3,16.0
regnety_120,regnety_32_large,32,78933712,4,34.92,171.8,11875,37.0,26.0
regnety_120,regnety_32_large,32,78933712,8,17.3,346.9,11876,55.1,37.1
regnety_120,regnety_32_small,32,20827532,1,59.0,101.7,6513,10.5,8.6
regnety_120,regnety_32_small,32,20827532,2,31.65,189.6,6153,18.2,14.6
regnety_120,regnety_32_small,32,20827532,4,16.05,373.8,6153,29.0,23.0
regnety_120,regnety_32_small,32,20827532,8,8.38,715.8,6154,36.6,27.5
regnety_120,regnety_64_small,64,20827532,1,57.06,105.2,11797,10.9,8.8
regnety_120,regnety_64_small,64,20827532,2,28.87,207.8,11437,17.9,14.5
regnety_120,regnety_64_small,64,20827532,4,14.1,425.5,11437,28.2,22.6
regnety_120,regnety_64_small,64,20827532,8,6.71,894.6,11438,32.5,20.0
cyclegan,cyclegan_1_large,1,28273544,1,515.6,2.9,3655,12.2,5.7
cyclegan,cyclegan_1_large,1,28273544,2,270.63,5.5,3295,24.1,10.8
cyclegan,cyclegan_1_large,1,28273544,4,137.11,10.9,3295,46.3,20.6
cyclegan,cyclegan_1_large,1,28273544,8,71.5,21.0,3296,83.4,35.8
cyclegan,cyclegan_1_small,1,5313992,1,194.31,7.7,1739,9.9,4.5
cyclegan,cyclegan_1_small,1,5313992,2,100.7,14.9,1379,20.4,8.5
cyclegan,cyclegan_1_small,1,5313992,4,51.11,29.4,1379,37.3,15.3
cyclegan,cyclegan_1_small,1,5313992,8,26.85,55.9,1380,60.2,24.0
cyclegan,cyclegan_2_large,2,28273544,1,462.71,3.2,6221,12.2,6.1
cyclegan,cyclegan_2_large,2,28273544,2,239.64,6.3,5893,24.0,11.5
cyclegan,cyclegan_2_large,2,28273544,4,119.72,12.5,5893,45.6,21.8
cyclegan,cyclegan_2_large,2,28273544,8,60.84,24.7,5862,82.9,39.1
cyclegan,cyclegan_2_small,2,5313992,1,149.61,10.0,2855,11.7,6.1
cyclegan,cyclegan_2_small,2,5313992,2,76.93,19.5,2479,21.8,11.1
cyclegan,cyclegan_2_small,2,5313992,4,39.04,38.4,2463,38.4,19.5
cyclegan,cyclegan_2_small,2,5313992,8,20.08,74.7,2448,61.3,31.1
dcgan,dcgan_32_large,32,6342272,1,7.28,824.4,841,2.2,1.4
dcgan,dcgan_32_large,32,6342272,2,4.02,1491.3,483,5.5,2.3
dcgan,dcgan_32_large,32,6342272,4,2.48,2418.3,483,4.5,1.6
dcgan,dcgan_32_large,32,6342272,8,1.66,3615.3,484,7.1,2.3
dcgan,dcgan_32_small,32,1794880,1,6.93,865.9,687,1.2,0.5
dcgan,dcgan_32_small,32,1794880,2,3.7,1621.9,327,3.2,0.7
dcgan,dcgan_32_small,32,1794880,4,2.24,2676.7,327,4.6,0.7
dcgan,dcgan_32_small,32,1794880,8,1.48,4050.2,328,4.9,0.6
dcgan,dcgan_64_large,64,6342272,1,3.91,1534.2,933,2.7,1.6
dcgan,dcgan_64_large,64,6342272,2,2.58,2321.2,589,4.0,2.0
dcgan,dcgan_64_large,64,6342272,4,1.69,3547.4,589,4.2,1.9
dcgan,dcgan_64_large,64,6342272,8,1.24,4849.9,590,3.2,0.8
dcgan,dcgan_64_small,64,1794880,1,2.71,2210.2,741,0.8,0.4
dcgan,dcgan_64_small,64,1794880,2,2.4,2500.0,367,1.6,0.6
dcgan,dcgan_64_small,64,1794880,4,1.59,3781.7,381,3.7,0.8
dcgan,dcgan_64_small,64,1794880,8,1.13,5287.1,382,1.4,0.3
demucs,demucs_64_large,64,56972440,8,0.2,7560.4,814,0.4,0.1
demucs,demucs_64_small,64,14254936,8,0.19,7823.6,378,0.4,0.1
dlrm,dlrm_1024_large,1024,25938241,1,3.27,18357.6,1085,0.4,0.2
dlrm,dlrm_1024_large,1024,25938241,2,1.95,30742.8,725,0.0,0.0
dlrm,dlrm_1024_large,1024,25938241,4,1.57,38330.2,725,1.2,0.1
dlrm,dlrm_1024_large,1024,25938241,8,1.41,42612.9,726,5.7,0.3
dlrm,dlrm_2048_large,2048,25938241,1,2.92,20527.8,1117,0.2,0.1
dlrm,dlrm_2048_large,2048,25938241,2,1.82,32896.5,757,1.0,0.2
dlrm,dlrm_2048_large,2048,25938241,4,1.55,38790.7,757,0.6,0.0
dlrm,dlrm_2048_large,2048,25938241,8,1.44,41615.4,654,4.6,0.3
dlrm,dlrm_2048_small,2048,2651297,1,2.91,20591.0,699,0.0,0.0
dlrm,dlrm_2048_small,2048,2651297,2,1.74,34446.9,339,0.4,0.1
dlrm,dlrm_2048_small,2048,2651297,4,1.45,41353.8,339,0.4,0.0
dlrm,dlrm_2048_small,2048,2651297,8,1.37,43711.6,318,0.6,0.0
edgecnn,edgecnn_16_large,16,2081832,1,145.99,41.1,8823,11.7,10.2
edgecnn,edgecnn_16_large,16,2081832,2,73.26,81.9,8463,22.3,19.2
edgecnn,edgecnn_16_large,16,2081832,4,36.98,162.2,8463,39.5,33.4
edgecnn,edgecnn_16_large,16,2081832,8,18.17,330.2,8464,59.8,49.9
edgecnn,edgecnn_16_small,16,524840,1,46.6,128.7,4017,10.4,9.6
edgecnn,edgecnn_16_small,16,524840,2,23.59,254.3,3657,17.1,15.6
edgecnn,edgecnn_16_small,16,524840,4,12.15,493.6,3657,26.7,24.8
edgecnn,edgecnn_16_small,16,524840,8,6.3,952.1,3658,34.0,30.7
edgecnn,edgecnn_32_small,32,524840,1,55.46,108.2,8033,11.2,10.1
edgecnn,edgecnn_32_small,32,524840,2,28.08,213.7,7673,18.8,17.5
edgecnn,edgecnn_32_small,32,524840,4,13.88,432.4,7673,27.1,25.2
edgecnn,edgecnn_32_small,32,524840,8,6.79,883.6,7674,34.5,30.8
gin,gin_32_large,32,927751,1,6.75,888.5,697,0.7,0.3
gin,gin_32_large,32,927751,2,3.64,1648.3,337,2.3,0.4
gin,gin_32_large,32,927751,4,2.06,2919.0,357,3.5,0.6
gin,gin_32_large,32,927751,8,1.37,4390.5,342,2.3,0.2
gin,gin_32_small,32,59911,1,5.74,1046.0,659,0.4,0.1
gin,gin_32_small,32,59911,2,3.21,1870.6,299,1.7,0.1
gin,gin_32_small,32,59911,4,2.02,2967.1,297,2.1,0.1
gin,gin_32_small,32,59911,8,1.32,4551.7,298,1.2,0.0
gin,gin_64_large,64,927751,1,4.22,1423.1,787,1.0,0.5
gin,gin_64_large,64,927751,2,2.51,2390.3,473,2.6,0.7
gin,gin_64_large,64,927751,4,1.78,3364.8,449,2.6,0.5
gin,gin_64_large,64,927751,8,1.44,4164.1,456,4.5,0.5
gin,gin_64_small,64,59911,1,4.12,1456.6,699,0.4,0.1
gin,gin_64_small,64,59911,2,2.72,2203.6,335,0.6,0.1
gin,gin_64_small,64,59911,4,1.76,3401.1,361,2.1,0.2
gin,gin_64_small,64,59911,8,1.31,4572.2,362,1.6,0.1
hf_whisper,whisper_4_large,4,71605760,1,153.14,9.8,4849,11.6,6.3
hf_whisper,whisper_4_large,4,71605760,2,83.06,18.1,5119,22.2,10.9
hf_whisper,whisper_4_large,4,71605760,4,42.26,35.5,6547,39.6,18.8
hf_whisper,whisper_4_large,4,71605760,8,21.28,70.5,6092,61.1,29.9
hf_whisper,whisper_4_small,4,20909824,1,48.88,30.7,6285,10.3,5.9
hf_whisper,whisper_4_small,4,20909824,2,26.66,56.3,4295,17.7,9.3
hf_whisper,whisper_4_small,4,20909824,4,14.02,107.0,3347,28.3,14.7
hf_whisper,whisper_4_small,4,20909824,8,7.55,198.6,5590,35.3,17.2
hf_whisper,whisper_8_large,8,71605760,1,149.24,10.1,9919,11.7,5.8
hf_whisper,whisper_8_large,8,71605760,2,79.96,18.8,11555,22.2,10.5
hf_whisper,whisper_8_large,8,71605760,4,39.14,38.3,11371,38.7,17.9
hf_whisper,whisper_8_large,8,71605760,8,18.67,80.3,11562,62.6,27.0
hf_whisper,whisper_8_small,8,20909824,1,45.12,33.2,6621,10.4,5.8
hf_whisper,whisper_8_small,8,20909824,2,24.25,61.8,8941,17.7,9.5
hf_whisper,whisper_8_small,8,20909824,4,12.24,122.6,9967,26.1,13.7
hf_whisper,whisper_8_small,8,20909824,8,6.27,239.2,10246,29.6,14.8
learning_to_paint,ltp_48_large,48,11375118,1,13.82,434.2,2815,7.9,5.3
learning_to_paint,ltp_48_large,48,11375118,2,8.22,729.8,1961,11.1,7.0
learning_to_paint,ltp_48_large,48,11375118,4,5.73,1046.6,1757,18.8,10.4
learning_to_paint,ltp_48_large,48,11375118,8,5.98,1003.0,1608,30.3,10.1
learning_to_paint,ltp_48_small,48,2853134,1,5.6,1072.0,2153,4.8,3.6
learning_to_paint,ltp_48_small,48,2853134,2,3.6,1664.5,1511,6.1,4.3
learning_to_paint,ltp_48_small,48,2853134,4,3.55,1688.2,1387,9.7,4.0
learning_to_paint,ltp_48_small,48,2853134,8,3.57,1679.7,1316,19.6,5.3
learning_to_paint,ltp_96_large,96,11375118,1,13.02,460.9,3945,7.5,4.8
learning_to_paint,ltp_96_large,96,11375118,2,7.2,833.5,2455,10.6,6.4
learning_to_paint,ltp_96_large,96,11375118,4,4.25,1411.0,1961,13.9,8.2
learning_to_paint,ltp_96_large,96,11375118,8,3.47,1730.7,1758,25.3,11.3
learning_to_paint,ltp_96_small,96,2853134,1,5.26,1141.2,2739,4.7,3.7
learning_to_paint,ltp_96_small,96,2853134,2,2.97,2018.2,1793,7.1,5.3
learning_to_paint,ltp_96_small,96,2853134,4,1.85,3235.2,1523,8.5,6.1
learning_to_paint,ltp_96_small,96,2853134,8,1.75,3421.0,1388,11.4,5.0
resnet152,resnet152_16_large,16,60192808,1,85.93,69.8,4717,10.9,7.8
resnet152,resnet152_16_large,16,60192808,2,47.03,127.6,4357,20.0,12.2
resnet152,resnet152_16_large,16,60192808,4,24.42,245.7,4357,34.0,21.8
resnet152,resnet152_16_large,16,60192808,8,13.43,446.6,4372,48.5,29.7
resnet152,resnet152_16_small,16,15601160,1,47.63,126.0,2373,7.2,5.4
resnet152,resnet152_16_small,16,15601160,2,27.15,221.0,1973,13.5,8.3
resnet152,resnet152_16_small,16,15601160,4,14.16,423.7,2013,22.1,12.1
resnet152,resnet152_16_small,16,15601160,8,7.36,815.4,2014,28.2,15.5
resnet152,resnet152_32_large,32,60192808,1,79.55,75.4,7385,10.9,7.9
resnet152,resnet152_32_large,32,60192808,2,41.88,143.3,7025,18.9,13.2
resnet152,resnet152_32_large,32,60192808,4,20.85,287.8,7099,31.5,22.0
resnet152,resnet152_32_large,32,60192808,8,10.69,561.3,7026,40.1,26.2
resnet152,resnet152_32_small,32,15601160,1,33.34,180.0,4011,9.2,7.5
resnet152,resnet152_32_small,32,15601160,2,18.44,325.4,3651,15.4,11.7
resnet152,resnet152_32_small,32,15601160,4,9.84,609.5,3651,15.3,11.5
resnet152,resnet152_32_small,32,15601160,8,5.6,1071.5,3652,22.6,14.3
resnet18,resnet18_16_large,16,11689512,1,15.27,392.9,1331,6.0,3.8
resnet18,resnet18_16_large,16,11689512,2,9.11,658.9,971,9.5,5.0
resnet18,resnet18_16_large,16,11689512,4,5.47,1096.2,971,12.7,6.1
resnet18,resnet18_16_large,16,11689512,8,3.73,1608.8,972,4.8,1.0
resnet18,resnet18_16_small,16,3055880,1,13.22,453.8,937,3.1,1.9
resnet18,resnet18_16_small,16,3055880,2,7.59,790.6,577,5.7,2.2
resnet18,resnet18_16_small,16,3055880,4,4.5,1332.8,577,7.2,2.4
resnet18,resnet18_16_small,16,3055880,8,2.9,2069.9,578,11.3,3.0
resnet18,resnet18_64_large,64,11689512,1,12.56,477.6,3261,6.9,4.3
resnet18,resnet18_64_large,64,11689512,2,7.17,837.0,2901,9.2,5.2
resnet18,resnet18_64_large,64,11689512,4,4.12,1455.3,2901,10.7,6.0
resnet18,resnet18_64_large,64,11689512,8,2.66,2256.2,2902,11.7,6.3
resnet18,resnet18_64_small,64,3055880,1,7.85,764.5,1839,4.1,2.8
resnet18,resnet18_64_small,64,3055880,2,4.68,1280.7,1479,6.3,3.5
resnet18,resnet18_64_small,64,3055880,4,3.1,1936.0,1479,8.1,4.2
resnet18,resnet18_64_small,64,3055880,8,2.41,2492.4,1480,1.2,0.4
resnet50,resnet50_32_large,32,25557032,1,33.34,180.0,3939,9.7,7.7
resnet50,resnet50_32_large,32,25557032,2,18.04,332.6,3579,15.7,11.9
resnet50,resnet50_32_large,32,25557032,4,9.34,642.6,3579,19.1,14.0
resnet50,resnet50_32_large,32,25557032,8,5.12,1172.9,3580,20.8,14.1
resnet50,resnet50_32_small,32,6917640,1,16.4,365.8,2271,7.0,5.9
resnet50,resnet50_32_small,32,6917640,2,9.56,627.4,1911,9.7,7.1
resnet50,resnet50_32_small,32,6917640,4,5.44,1102.4,1911,11.3,7.7
resnet50,resnet50_32_small,32,6917640,8,3.53,1701.1,1912,10.7,5.2
resnet50,resnet50_64_large,64,25557032,1,32.16,186.6,6819,9.6,8.0
resnet50,resnet50_64_large,64,25557032,2,16.42,365.3,6459,15.0,11.6
resnet50,resnet50_64_large,64,25557032,4,8.13,738.2,6459,21.5,17.0
resnet50,resnet50_64_large,64,25557032,8,4.0,1501.5,6460,18.9,14.3
resnet50,resnet50_64_small,64,6917640,1,14.81,405.0,4007,6.8,6.1
resnet50,resnet50_64_small,64,6917640,2,8.4,714.6,3647,10.3,8.5
resnet50,resnet50_64_small,64,6917640,4,4.86,1233.6,3647,12.9,8.9
resnet50,resnet50_64_small,64,6917640,8,2.96,2026.1,3648,8.5,5.9
tacotron2,tacotron2_32_large,32,28193153,1,77.02,39.0,2851,6.5,5.7
tacotron2,tacotron2_32_large,32,28193153,2,43.05,69.7,2423,11.4,9.7
tacotron2,tacotron2_32_large,32,28193153,4,21.68,138.4,2433,27.1,10.6
tacotron2,tacotron2_32_large,32,28193153,8,10.3,291.1,2504,30.2,13.4
tacotron2,tacotron2_32_small,32,7216289,1,73.32,40.9,1635,3.0,1.9
tacotron2,tacotron2_32_small,32,7216289,2,44.7,67.1,1299,8.0,2.8
tacotron2,tacotron2_32_small,32,7216289,4,19.11,157.0,1299,11.2,4.8
tacotron2,tacotron2_32_small,32,7216289,8,9.85,304.5,1252,14.7,8.0
tacotron2,tacotron2_64_large,64,28193153,1,40.1,74.8,4355,7.2,6.2
tacotron2,tacotron2_64_large,64,28193153,2,19.37,154.8,3999,12.5,10.1
tacotron2,tacotron2_64_large,64,28193153,4,9.63,311.5,4017,21.0,15.6
tacotron2,tacotron2_64_large,64,28193153,8,4.36,687.8,4018,10.9,5.4
tacotron2,tacotron2_64_small,64,7216449,1,37.57,79.8,2563,3.4,2.2
tacotron2,tacotron2_64_small,64,7216449,2,20.25,148.1,2189,5.3,3.3
tacotron2,tacotron2_64_small,64,7216449,4,9.26,323.9,2167,6.6,3.5
tacotron2,tacotron2_64_small,64,7216449,8,4.13,726.8,2102,7.2,3.6
background_matting,background_matting_2_20M,2,2628134,1,10.57,28.4,1017,5.2,2.3
background_matting,background_matting_2_20M,2,2628134,2,5.73,52.4,657,6.5,2.8
background_matting,background_matting_2_20M,2,2628134,4,3.65,82.2,657,2.4,0.8
background_matting,background_matting_2_20M,2,2628134,8,2.5,119.8,658,9.4,3.3
background_matting,background_matting_2_80M,2,18189894,1,18.58,12.9,1877,8.4,3.9
background_matting,background_matting_2_80M,2,18189894,2,10.53,22.8,1451,12.4,5.3
background_matting,background_matting_2_80M,2,18189894,4,5.87,40.9,1451,15.6,6.6
background_matting,background_matting_2_80M,2,18189894,8,3.53,68.1,1452,16.9,6.8
background_matting,background_matting_4_20M,4,2628134,1,8.82,34.0,1415,5.5,2.7
background_matting,background_matting_4_20M,4,2628134,2,5.1,58.9,1053,7.2,3.4
background_matting,background_matting_4_20M,4,2628134,4,3.34,89.9,1055,3.4,1.3
background_matting,background_matting_4_20M,4,2628134,8,2.23,134.5,1054,13.7,5.3
background_matting,background_matting_4_80M,4,18189894,1,17.57,13.7,2739,8.4,3.7
background_matting,background_matting_4_80M,4,18189894,2,9.55,25.1,2379,12.0,5.0
background_matting,background_matting_4_80M,4,18189894,4,5.26,45.6,2249,15.6,6.4
background_matting,background_matting_4_80M,4,18189894,8,2.78,86.2,2250,16.2,6.7
clip,clip_16_150M,16,151276545,1,68.15,88.0,4393,10.5,7.3
clip,clip_16_150M,16,151276545,2,49.34,121.6,4033,20.1,9.9
clip,clip_16_150M,16,151276545,4,29.2,205.5,4033,34.7,15.0
clip,clip_16_150M,16,151276545,8,19.99,300.2,4034,54.8,17.9
clip,clip_16_40M,16,29418241,1,33.86,177.2,1423,4.1,2.9
clip,clip_16_40M,16,29418241,2,18.06,332.2,1209,9.5,4.0
clip,clip_16_40M,16,29418241,4,10.23,586.5,1063,18.4,6.3
clip,clip_16_40M,16,29418241,8,6.46,929.1,1210,18.4,4.5
clip,clip_32_150M,32,151276545,1,56.92,105.4,5275,10.4,6.6
clip,clip_32_150M,32,151276545,2,34.18,175.6,4915,18.5,10.3
clip,clip_32_150M,32,151276545,4,18.34,327.2,4915,28.7,14.9
clip,clip_32_150M,32,151276545,8,11.48,522.7,5494,45.1,11.9
clip,clip_32_40M,32,29418241,1,18.46,325.0,1773,5.1,3.4
clip,clip_32_40M,32,29418241,2,10.07,596.1,1413,10.1,4.8
clip,clip_32_40M,32,29418241,4,5.87,1022.4,1413,13.3,5.6
clip,clip_32_40M,32,29418241,8,4.1,1463.8,1480,18.9,6.7
llava,llava_1_300M,1,304216832,1,105.17,5.7,8325,10.8,9.3
llava,llava_1_300M,1,304216832,2,127.38,4.7,7965,22.5,8.8
llava,llava_1_300M,1,304216832,4,79.77,7.5,7965,42.2,13.3
llava,llava_1_300M,1,304216832,8,56.94,10.5,7966,76.7,16.6
llava,llava_1_80M,1,63136896,1,94.24,12.7,2253,5.4,4.4
llava,llava_1_80M,1,63136896,2,59.7,20.1,1911,19.6,7.1
llava,llava_1_80M,1,63136896,4,36.95,32.5,1911,35.4,10.3
llava,llava_1_80M,1,63136896,8,25.84,46.4,1912,61.3,13.3
llava,llava_2_300M,2,304216832,1,72.44,8.3,8171,10.3,8.2
llava,llava_2_300M,2,304216832,2,68.03,8.8,7811,20.7,9.2
llava,llava_2_300M,2,304216832,4,42.29,14.2,7811,37.2,13.3
llava,llava_2_300M,2,304216832,8,28.57,21.0,7812,63.9,16.5
llava,llava_2_80M,2,63136896,1,49.39,24.3,2347,6.5,5.0
llava,llava_2_80M,2,63136896,2,31.55,38.0,1987,17.3,7.4
llava,llava_2_80M,2,63136896,4,19.76,60.7,2069,29.2,9.8
llava,llava_2_80M,2,63136896,8,13.71,87.5,1988,49.4,11.9
maml_omniglot,maml_omniglot_4_100K,4,112261,1,237.91,10.1,555,2.2,0.5
maml_omniglot,maml_omniglot_4_100K,4,112261,2,136.01,17.6,555,3.8,0.8
maml_omniglot,maml_omniglot_4_100K,4,112261,4,57.11,42.0,555,7.5,1.7
maml_omniglot,maml_omniglot_4_100K,4,112261,8,30.31,79.2,556,13.0,3.0
maml_omniglot,maml_omniglot_4_25K,4,28485,1,362.84,9.9,369,1.5,0.2
maml_omniglot,maml_omniglot_4_25K,4,28485,2,180.6,19.9,369,3.0,0.3
maml_omniglot,maml_omniglot_4_25K,4,28485,4,87.77,41.0,369,5.7,0.7
maml_omniglot,maml_omniglot_4_25K,4,28485,8,43.69,82.4,370,10.0,1.2
maml_omniglot,maml_omniglot_8_100K,8,112261,1,375.91,9.6,925,2.0,0.5
maml_omniglot,maml_omniglot_8_100K,8,112261,2,177.36,20.3,925,4.4,1.0
maml_omniglot,maml_omniglot_8_100K,8,112261,4,89.71,40.1,925,8.2,1.9
maml_omniglot,maml_omniglot_8_100K,8,112261,8,40.79,88.3,926,14.3,3.3
maml_omniglot,maml_omniglot_8_25K,8,28485,1,465.94,10.3,543,1.6,0.2
maml_omniglot,maml_omniglot_8_25K,8,28485,2,227.24,21.1,543,2.9,0.4
maml_omniglot,maml_omniglot_8_25K,8,28485,4,125.75,38.2,543,5.6,0.6
maml_omniglot,maml_omniglot_8_25K,8,28485,8,57.32,83.7,544,11.1,1.3
milad,milad_1000_10K,1000,865,1,0.95,31635.1,627,0.1,0.0
milad,milad_1000_10K,1000,865,2,0.62,48339.6,267,0.1,0.0
milad,milad_1000_10K,1000,865,4,0.44,68355.5,251,0.1,0.0
milad,milad_1000_10K,1000,865,8,0.39,76245.8,252,0.2,0.0
milad,milad_1000_80K,1000,20993,1,0.97,24677.2,633,0.1,0.0
milad,milad_1000_80K,1000,20993,2,0.62,38446.9,257,0.2,0.0
milad,milad_1000_80K,1000,20993,4,0.47,51154.0,273,0.1,0.0
milad,milad_1000_80K,1000,20993,8,0.42,56975.8,274,0.3,0.0
milad,milad_500_10K,500,865,1,1.45,20639.4,625,0.1,0.0
milad,milad_500_10K,500,865,2,1.1,27280.9,265,0.3,0.0
milad,milad_500_10K,500,865,4,0.6,49591.2,265,0.0,0.0
milad,milad_500_10K,500,865,8,0.44,68273.4,266,0.2,0.0
milad,milad_500_80K,500,20993,1,1.55,15481.6,629,0.0,0.0
milad,milad_500_80K,500,20993,2,0.87,27654.8,269,0.0,0.0
milad,milad_500_80K,500,20993,4,0.57,42145.0,269,0.1,0.0
milad,milad_500_80K,500,20993,8,0.45,53286.6,270,0.2,0.0
moco,moco_16_25M,16,11242176,1,11.64,257.8,1473,4.9,3.0
moco,moco_16_25M,16,11242176,2,7.43,404.0,1113,8.3,4.1
moco,moco_16_25M,16,11242176,4,4.28,700.3,1073,9.7,4.9
moco,moco_16_25M,16,11242176,8,3.17,946.2,1098,6.7,1.7
moco,moco_16_50M,16,21350336,1,15.03,159.7,1823,6.2,3.8
moco,moco_16_50M,16,21350336,2,8.91,269.3,1463,9.2,4.9
moco,moco_16_50M,16,21350336,4,5.43,442.1,1463,10.5,5.2
moco,moco_16_50M,16,21350336,8,3.71,646.7,1464,16.2,7.0
moco,moco_32_25M,32,11242176,1,10.34,290.2,1949,5.0,3.1
moco,moco_32_25M,32,11242176,2,6.19,484.7,1589,8.4,4.2
moco,moco_32_25M,32,11242176,4,3.83,782.8,1589,1.1,0.3
moco,moco_32_25M,32,11242176,8,2.75,1090.8,1588,11.2,5.2
moco,moco_32_50M,32,21350336,1,13.15,182.5,2461,6.7,3.8
moco,moco_32_50M,32,21350336,2,7.56,317.4,2143,7.9,4.1
moco,moco_32_50M,32,21350336,4,4.72,508.4,2101,11.0,5.6
moco,moco_32_50M,32,21350336,8,3.28,731.2,2100,15.6,7.2
mozilla_tts,tts_32_large,32,5550336,1,9.59,625.6,1047,5.1,3.4
mozilla_tts,tts_32_large,32,5550336,2,5.55,1081.1,687,7.4,4.4
mozilla_tts,tts_32_large,32,5550336,4,3.14,1913.1,687,5.5,3.0
mozilla_tts,tts_32_large,32,5550336,8,1.95,3078.7,688,9.5,4.7
mozilla_tts,tts_32_small,32,905344,1,7.16,837.6,771,2.0,0.4
mozilla_tts,tts_32_small,32,905344,2,4.04,1483.4,411,4.4,0.5
mozilla_tts,tts_32_small,32,905344,4,2.37,2532.7,411,4.0,0.6
mozilla_tts,tts_32_small,32,905344,8,1.5,3998.8,412,4.5,0.6
mozilla_tts,tts_64_large,64,5550336,1,5.85,1026.5,1343,4.3,3.2
mozilla_tts,tts_64_large,64,5550336,2,3.3,1816.9,983,6.1,4.3
mozilla_tts,tts_64_large,64,5550336,4,2.07,2891.8,983,6.0,3.4
mozilla_tts,tts_64_large,64,5550336,8,1.42,4223.8,984,4.0,1.9
mozilla_tts,tts_64_small,64,905344,1,3.98,1508.3,901,1.5,0.4
mozilla_tts,tts_64_small,64,905344,2,2.42,2474.4,541,1.8,0.5
mozilla_tts,tts_64_small,64,905344,4,1.54,3907.0,541,1.9,0.4
mozilla_tts,tts_64_small,64,905344,8,1.13,5305.5,542,1.1,0.2
pyhpc_equation_of_state,pyhpc_equation_of_state_16384_200K,16384,330241,1,6.13,97842.3,867,0.2,0.1
pyhpc_equation_of_state,pyhpc_equation_of_state_16384_200K,16384,330241,2,3.64,164984.1,507,0.8,0.0
pyhpc_equation_of_state,pyhpc_equation_of_state_16384_200K,16384,330241,4,2.83,211878.2,507,1.2,0.4
pyhpc_equation_of_state,pyhpc_equation_of_state_16384_200K,16384,330241,8,2.23,269033.4,508,1.0,0.0
pyhpc_equation_of_state,pyhpc_equation_of_state_16384_20K,16384,12801,1,6.09,98579.5,667,0.0,0.0
pyhpc_equation_of_state,pyhpc_equation_of_state_16384_20K,16384,12801,2,3.68,162909.5,307,0.9,0.0
pyhpc_equation_of_state,pyhpc_equation_of_state_16384_20K,16384,12801,4,2.8,214530.8,307,0.3,0.1
pyhpc_equation_of_state,pyhpc_equation_of_state_16384_20K,16384,12801,8,2.15,279069.9,308,0.2,0.0
pyhpc_equation_of_state,pyhpc_equation_of_state_4096_200K,4096,330241,1,3.24,92688.9,711,0.1,0.0
pyhpc_equation_of_state,pyhpc_equation_of_state_4096_200K,4096,330241,2,2.21,135901.2,351,1.0,0.1
pyhpc_equation_of_state,pyhpc_equation_of_state_4096_200K,4096,330241,4,1.25,240288.0,351,0.1,0.0
pyhpc_equation_of_state,pyhpc_equation_of_state_4096_200K,4096,330241,8,1.07,280135.3,352,0.5,0.1
pyhpc_equation_of_state,pyhpc_equation_of_state_4096_20K,4096,12801,1,3.33,90096.5,635,0.0,0.0
pyhpc_equation_of_state,pyhpc_equation_of_state_4096_20K,4096,12801,2,2.11,142464.4,275,0.6,0.0
pyhpc_equation_of_state,pyhpc_equation_of_state_4096_20K,4096,12801,4,1.25,240113.7,275,0.0,0.0
pyhpc_equation_of_state,pyhpc_equation_of_state_4096_20K,4096,12801,8,1.02,292702.8,276,2.4,0.0
pyhpc_turbulent_kinetic_energy,pyhpc_turbulent_kinetic_energy_4_200K,4,453697,1,9.81,61.2,1385,6.4,2.4
pyhpc_turbulent_kinetic_energy,pyhpc_turbulent_kinetic_energy_4_200K,4,453697,2,5.14,116.7,1025,9.0,3.4
pyhpc_turbulent_kinetic_energy,pyhpc_turbulent_kinetic_energy_4_200K,4,453697,4,2.66,225.2,1025,9.1,3.4
pyhpc_turbulent_kinetic_energy,pyhpc_turbulent_kinetic_energy_4_200K,4,453697,8,1.57,381.7,1026,7.8,2.9
pyhpc_turbulent_kinetic_energy,pyhpc_turbulent_kinetic_energy_4_50K,4,60769,1,3.25,184.4,893,3.3,1.3
pyhpc_turbulent_kinetic_energy,pyhpc_turbulent_kinetic_energy_4_50K,4,60769,2,1.85,323.6,533,2.5,0.9
pyhpc_turbulent_kinetic_energy,pyhpc_turbulent_kinetic_energy_4_50K,4,60769,4,1.16,518.8,533,4.2,1.6
pyhpc_turbulent_kinetic_energy,pyhpc_turbulent_kinetic_energy_4_50K,4,60769,8,0.82,730.3,518,3.8,1.1
pyhpc_turbulent_kinetic_energy,pyhpc_turbulent_kinetic_energy_8_200K,8,453697,1,9.46,63.4,2009,6.7,2.5
pyhpc_turbulent_kinetic_energy,pyhpc_turbulent_kinetic_energy_8_200K,8,453697,2,4.75,126.4,1649,8.0,2.9
pyhpc_turbulent_kinetic_energy,pyhpc_turbulent_kinetic_energy_8_200K,8,453697,4,2.53,237.2,1649,9.6,3.5
pyhpc_turbulent_kinetic_energy,pyhpc_turbulent_kinetic_energy_8_200K,8,453697,8,1.43,418.4,1650,9.0,3.4
pyhpc_turbulent_kinetic_energy,pyhpc_turbulent_kinetic_energy_8_50K,8,60769,1,3.03,198.1,1125,3.0,1.1
pyhpc_turbulent_kinetic_energy,pyhpc_turbulent_kinetic_energy_8_50K,8,60769,2,1.65,364.4,765,4.7,1.8
pyhpc_turbulent_kinetic_energy,pyhpc_turbulent_kinetic_energy_8_50K,8,60769,4,1.0,597.2,765,1.8,0.6
pyhpc_turbulent_kinetic_energy,pyhpc_turbulent_kinetic_energy_8_50K,8,60769,8,0.71,844.7,766,1.2,0.2
torchmultimodal_clip,torchmultimodal_clip_16_150M,16,151276545,1,67.99,88.2,4395,10.7,7.4
torchmultimodal_clip,torchmultimodal_clip_16_150M,16,151276545,2,49.26,121.8,4373,20.5,9.9
torchmultimodal_clip,torchmultimodal_clip_16_150M,16,151276545,4,29.18,205.6,4373,34.2,14.4
torchmultimodal_clip,torchmultimodal_clip_16_150M,16,151276545,8,19.9,301.6,4036,52.9,17.5
torchmultimodal_clip,torchmultimodal_clip_16_40M,16,29418241,1,32.12,186.8,1425,4.2,2.9
torchmultimodal_clip,torchmultimodal_clip_16_40M,16,29418241,2,18.46,325.0,1063,9.1,4.1
torchmultimodal_clip,torchmultimodal_clip_16_40M,16,29418241,4,10.38,578.2,1149,17.1,5.7
torchmultimodal_clip,torchmultimodal_clip_16_40M,16,29418241,8,6.52,920.7,1150,28.2,6.9
torchmultimodal_clip,torchmultimodal_clip_32_150M,32,151276545,1,56.88,105.5,5277,10.3,6.7
torchmultimodal_clip,torchmultimodal_clip_32_150M,32,151276545,2,34.15,175.7,4917,18.7,10.4
torchmultimodal_clip,torchmultimodal_clip_32_150M,32,151276545,4,18.22,329.4,4917,29.8,15.0
torchmultimodal_clip,torchmultimodal_clip_32_150M,32,151276545,8,11.37,527.7,4918,44.6,19.3
torchmultimodal_clip,torchmultimodal_clip_32_40M,32,29418241,1,17.8,337.0,1773,4.9,3.3
torchmultimodal_clip,torchmultimodal_clip_32_40M,32,29418241,2,10.0,600.2,1479,9.0,4.4
torchmultimodal_clip,torchmultimodal_clip_32_40M,32,29418241,4,5.84,1027.5,1479,12.3,5.2
torchmultimodal_clip,torchmultimodal_clip_32_40M,32,29418241,8,3.99,1504.2,1480,19.6,7.1
pytorch_unet,unet_4_large,4,17263042,1,37.3,40.2,1975,9.6,5.7
pytorch_unet,unet_4_large,4,17263042,2,20.38,73.6,1615,16.6,9.2
pytorch_unet,unet_4_large,4,17263042,4,11.09,135.2,1615,22.0,12.2
pytorch_unet,unet_4_large,4,17263042,8,6.57,228.2,1616,21.7,11.0
pytorch_unet,unet_4_small,4,4318434,1,18.47,81.2,1207,5.7,3.8
pytorch_unet,unet_4_small,4,4318434,2,10.4,144.2,813,10.2,5.5
pytorch_unet,unet_4_small,4,4318434,4,5.86,256.2,813,12.8,6.1
pytorch_unet,unet_4_small,4,4318434,8,3.6,416.7,848,16.0,6.5
pytorch_unet,unet_8_large,8,17263042,1,30.92,48.5,2871,9.5,5.6
pytorch_unet,unet_8_large,8,17263042,2,17.03,88.1,2511,15.2,8.6
pytorch_unet,unet_8_large,8,17263042,4,9.16,163.8,2511,20.9,12.2
pytorch_unet,unet_8_large,8,17263042,8,5.33,281.2,2512,19.7,10.5
pytorch_unet,unet_8_small,8,4318434,1,13.28,112.9,1647,7.1,4.9
pytorch_unet,unet_8_small,8,4318434,2,7.91,189.7,1287,8.6,5.6
pytorch_unet,unet_8_small,8,4318434,4,4.71,318.2,1287,10.3,6.0
pytorch_unet,unet_8_small,8,4318434,8,3.18,472.0,1288,14.8,8.5
super_slomo,superslomo_4_large,4,63942601,1,52.86,28.4,2307,10.5,5.1
super_slomo,superslomo_4_large,4,63942601,2,30.73,48.8,2157,18.7,8.0
super_slomo,superslomo_4_large,4,63942601,4,16.93,88.6,2157,31.4,12.3
super_slomo,superslomo_4_large,4,63942601,8,10.08,148.8,2158,42.1,14.6
super_slomo,superslomo_4_small,4,16007145,1,26.33,57.0,1237,6.7,3.2
super_slomo,superslomo_4_small,4,16007145,2,14.14,106.1,827,13.0,5.1
super_slomo,superslomo_4_small,4,16007145,4,7.16,209.6,827,19.5,7.3
super_slomo,superslomo_4_small,4,16007145,8,4.32,347.4,862,20.0,7.0
super_slomo,superslomo_8_large,8,63942601,1,47.1,31.8,2887,10.5,4.4
super_slomo,superslomo_8_large,8,63942601,2,25.53,58.7,2527,17.9,7.1
super_slomo,superslomo_8_large,8,63942601,4,12.81,117.1,2527,28.0,10.6
super_slomo,superslomo_8_large,8,63942601,8,6.83,219.7,2784,34.7,11.8
super_slomo,superslomo_8_small,8,16007145,1,18.41,81.5,1541,8.4,4.5
super_slomo,superslomo_8_small,8,16007145,2,10.69,140.3,1181,11.6,5.7
super_slomo,superslomo_8_small,8,16007145,4,5.75,260.9,1181,15.6,7.4
super_slomo,superslomo_8_small,8,16007145,8,3.35,447.4,1182,17.6,6.9
vovnet,vovnet_32_large,32,8585416,1,29.85,201.0,3217,9.2,5.7
vovnet,vovnet_32_large,32,8585416,2,15.79,380.0,2857,15.5,9.2
vovnet,vovnet_32_large,32,8585416,4,8.16,735.0,2857,22.2,12.5
vovnet,vovnet_32_large,32,8585416,8,4.4,1363.7,2858,21.7,12.3
vovnet,vovnet_32_small,32,2305672,1,14.75,406.9,2193,7.4,5.4
vovnet,vovnet_32_small,32,2305672,2,8.43,711.7,1833,11.1,7.3
vovnet,vovnet_32_small,32,2305672,4,4.85,1237.7,1833,11.8,7.2
vovnet,vovnet_32_small,32,2305672,8,3.16,1898.2,1834,9.2,6.0
vovnet,vovnet_64_large,64,8585416,1,29.71,202.0,5705,9.5,5.8
vovnet,vovnet_64_large,64,8585416,2,15.02,399.6,5345,14.6,8.4
vovnet,vovnet_64_large,64,8585416,4,7.48,802.7,5345,17.3,10.0
vovnet,vovnet_64_large,64,8585416,8,3.66,1640.7,5346,20.7,11.5
vovnet,vovnet_64_small,64,2305672,1,14.44,415.5,3975,7.6,5.5
vovnet,vovnet_64_small,64,2305672,2,7.92,757.1,3615,9.9,7.2
vovnet,vovnet_64_small,64,2305672,4,4.48,1340.6,3615,10.6,6.5
vovnet,vovnet_64_small,64,2305672,8,2.79,2152.3,3616,13.5,7.2
demucs,demucs_64_large,64,77554464,8,0.22,6935.4,1200,0.7,0.1
demucs,demucs_64_small,64,19403296,8,0.22,6968.1,412,0.9,0.0
deep_recommender,deeprec_256_large,256,20829344,1,8.28,3621.9,1253,1.2,0.9
deep_recommender,deeprec_256_large,256,20829344,2,4.61,6511.1,975,4.8,1.2
deep_recommender,deeprec_256_large,256,20829344,4,2.81,10683.3,935,9.1,2.2
deep_recommender,deeprec_256_large,256,20829344,8,2.03,14744.0,976,13.4,2.2
deep_recommender,deeprec_256_small,256,5196176,1,4.91,6111.2,807,0.5,0.3
deep_recommender,deeprec_256_small,256,5196176,2,2.78,10783.2,447,1.3,0.3
deep_recommender,deeprec_256_small,256,5196176,4,1.79,16774.6,447,3.6,0.5
deep_recommender,deeprec_256_small,256,5196176,8,1.29,23327.0,468,3.0,0.6
deep_recommender,deeprec_512_large,512,20829344,1,8.17,3670.1,1237,1.2,0.8
deep_recommender,deeprec_512_large,512,20829344,2,4.62,6500.3,877,2.2,0.5
deep_recommender,deeprec_512_large,512,20829344,4,2.69,11164.8,959,4.9,0.9
deep_recommender,deeprec_512_large,512,20829344,8,2.15,13927.5,960,0.5,0.1
deep_recommender,deeprec_512_small,512,5196176,1,4.81,6236.7,869,0.6,0.3
deep_recommender,deeprec_512_small,512,5196176,2,2.79,10745.7,489,2.3,0.6
deep_recommender,deeprec_512_small,512,5196176,4,1.73,17357.1,509,1.4,0.3
deep_recommender,deeprec_512_small,512,5196176,8,1.36,22074.6,510,1.5,0.2
